<?xml version="1.0" encoding="UTF-8"?>
<countries>
   <country>
      <ted>AD</ted>
      <eforms>AND</eforms>
   </country>
   <country>
      <ted>AL</ted>
      <eforms>ALB</eforms>
   </country>
   <country>
      <ted>AT</ted>
      <eforms>AUT</eforms>
   </country>
   <country>
      <ted>BA</ted>
      <eforms>BIH</eforms>
   </country>
   <country>
      <ted>BE</ted>
      <eforms>BEL</eforms>
   </country>
   <country>
      <ted>BY</ted>
      <eforms>BLR</eforms>
   </country>
   <country>
      <ted>CH</ted>
      <eforms>CHE</eforms>
   </country>
   <country>
      <ted>CY</ted>
      <eforms>CYP</eforms>
   </country>
   <country>
      <ted>DK</ted>
      <eforms>DNK</eforms>
   </country>
   <country>
      <ted>EE</ted>
      <eforms>EST</eforms>
   </country>
   <country>
      <ted>GR</ted>
      <eforms>GRC</eforms>
   </country>
   <country>
      <ted>ES</ted>
      <eforms>ESP</eforms>
   </country>
   <country>
      <ted>FI</ted>
      <eforms>FIN</eforms>
   </country>
   <country>
      <ted>FO</ted>
      <eforms>FRO</eforms>
   </country>
   <country>
      <ted>FR</ted>
      <eforms>FRA</eforms>
   </country>
   <country>
      <ted>GG</ted>
      <eforms>GGY</eforms>
   </country>
   <country>
      <ted>GI</ted>
      <eforms>GIB</eforms>
   </country>
   <country>
      <ted>GL</ted>
      <eforms>GRL</eforms>
   </country>
   <country>
      <ted>HR</ted>
      <eforms>HRV</eforms>
   </country>
   <country>
      <ted>IE</ted>
      <eforms>IRL</eforms>
   </country>
   <country>
      <ted>IM</ted>
      <eforms>IMN</eforms>
   </country>
   <country>
      <ted>IS</ted>
      <eforms>ISL</eforms>
   </country>
   <country>
      <ted>IT</ted>
      <eforms>ITA</eforms>
   </country>
   <country>
      <ted>JE</ted>
      <eforms>JEY</eforms>
   </country>
   <country>
      <ted>LI</ted>
      <eforms>LIE</eforms>
   </country>
   <country>
      <ted>LT</ted>
      <eforms>LTU</eforms>
   </country>
   <country>
      <ted>LU</ted>
      <eforms>LUX</eforms>
   </country>
   <country>
      <ted>LV</ted>
      <eforms>LVA</eforms>
   </country>
   <country>
      <ted>MC</ted>
      <eforms>MCO</eforms>
   </country>
   <country>
      <ted>MD</ted>
      <eforms>MDA</eforms>
   </country>
   <country>
      <ted>ME</ted>
      <eforms>MNE</eforms>
   </country>
   <country>
      <ted>MT</ted>
      <eforms>MLT</eforms>
   </country>
   <country>
      <ted>NL</ted>
      <eforms>NLD</eforms>
   </country>
   <country>
      <ted>NO</ted>
      <eforms>NOR</eforms>
   </country>
   <country>
      <ted>PL</ted>
      <eforms>POL</eforms>
   </country>
   <country>
      <ted>PT</ted>
      <eforms>PRT</eforms>
   </country>
   <country>
      <ted>RO</ted>
      <eforms>ROU</eforms>
   </country>
   <country>
      <ted>RS</ted>
      <eforms>SRB</eforms>
   </country>
   <country>
      <ted>RU</ted>
      <eforms>RUS</eforms>
   </country>
   <country>
      <ted>SE</ted>
      <eforms>SWE</eforms>
   </country>
   <country>
      <ted>SI</ted>
      <eforms>SVN</eforms>
   </country>
   <country>
      <ted>SK</ted>
      <eforms>SVK</eforms>
   </country>
   <country>
      <ted>SM</ted>
      <eforms>SMR</eforms>
   </country>
   <country>
      <ted>TR</ted>
      <eforms>TUR</eforms>
   </country>
   <country>
      <ted>UA</ted>
      <eforms>UKR</eforms>
   </country>
   <country>
      <ted>UK</ted>
      <eforms>GBR</eforms>
   </country>
   <country>
      <ted>VA</ted>
      <eforms>VAT</eforms>
   </country>
   <country>
      <ted>BG</ted>
      <eforms>BGR</eforms>
   </country>
   <country>
      <ted>DE</ted>
      <eforms>DEU</eforms>
   </country>
   <country>
      <ted>AX</ted>
      <eforms>ALA</eforms>
   </country>
   <country>
      <ted>DZ</ted>
      <eforms>DZA</eforms>
   </country>
   <country>
      <ted>AS</ted>
      <eforms>ASM</eforms>
   </country>
   <country>
      <ted>AO</ted>
      <eforms>AGO</eforms>
   </country>
   <country>
      <ted>AI</ted>
      <eforms>AIA</eforms>
   </country>
   <country>
      <ted>AQ</ted>
      <eforms>ATA</eforms>
   </country>
   <country>
      <ted>AG</ted>
      <eforms>ATG</eforms>
   </country>
   <country>
      <ted>AR</ted>
      <eforms>ARG</eforms>
   </country>
   <country>
      <ted>AM</ted>
      <eforms>ARM</eforms>
   </country>
   <country>
      <ted>AW</ted>
      <eforms>ABW</eforms>
   </country>
   <country>
      <ted>AU</ted>
      <eforms>AUS</eforms>
   </country>
   <country>
      <ted>AZ</ted>
      <eforms>AZE</eforms>
   </country>
   <country>
      <ted>BS</ted>
      <eforms>BHS</eforms>
   </country>
   <country>
      <ted>BH</ted>
      <eforms>BHR</eforms>
   </country>
   <country>
      <ted>BD</ted>
      <eforms>BGD</eforms>
   </country>
   <country>
      <ted>BB</ted>
      <eforms>BRB</eforms>
   </country>
   <country>
      <ted>BZ</ted>
      <eforms>BLZ</eforms>
   </country>
   <country>
      <ted>BJ</ted>
      <eforms>BEN</eforms>
   </country>
   <country>
      <ted>BM</ted>
      <eforms>BMU</eforms>
   </country>
   <country>
      <ted>BT</ted>
      <eforms>BTN</eforms>
   </country>
   <country>
      <ted>BO</ted>
      <eforms>BOL</eforms>
   </country>
   <country>
      <ted>BW</ted>
      <eforms>BWA</eforms>
   </country>
   <country>
      <ted>BV</ted>
      <eforms>BVT</eforms>
   </country>
   <country>
      <ted>BR</ted>
      <eforms>BRA</eforms>
   </country>
   <country>
      <ted>IO</ted>
      <eforms>IOT</eforms>
   </country>
   <country>
      <ted>VG</ted>
      <eforms>VGB</eforms>
   </country>
   <country>
      <ted>BN</ted>
      <eforms>BRN</eforms>
   </country>
   <country>
      <ted>BF</ted>
      <eforms>BFA</eforms>
   </country>
   <country>
      <ted>BI</ted>
      <eforms>BDI</eforms>
   </country>
   <country>
      <ted>KH</ted>
      <eforms>KHM</eforms>
   </country>
   <country>
      <ted>CM</ted>
      <eforms>CMR</eforms>
   </country>
   <country>
      <ted>CA</ted>
      <eforms>CAN</eforms>
   </country>
   <country>
      <ted>CV</ted>
      <eforms>CPV</eforms>
   </country>
   <country>
      <ted>KY</ted>
      <eforms>CYM</eforms>
   </country>
   <country>
      <ted>CF</ted>
      <eforms>CAF</eforms>
   </country>
   <country>
      <ted>TD</ted>
      <eforms>TCD</eforms>
   </country>
   <country>
      <ted>CL</ted>
      <eforms>CHL</eforms>
   </country>
   <country>
      <ted>CN</ted>
      <eforms>CHN</eforms>
   </country>
   <country>
      <ted>CX</ted>
      <eforms>CXR</eforms>
   </country>
   <country>
      <ted>CP</ted>
      <eforms>CPT</eforms>
   </country>
   <country>
      <ted>CC</ted>
      <eforms>CCK</eforms>
   </country>
   <country>
      <ted>CO</ted>
      <eforms>COL</eforms>
   </country>
   <country>
      <ted>KM</ted>
      <eforms>COM</eforms>
   </country>
   <country>
      <ted>CG</ted>
      <eforms>COG</eforms>
   </country>
   <country>
      <ted>CK</ted>
      <eforms>COK</eforms>
   </country>
   <country>
      <ted>CR</ted>
      <eforms>CRI</eforms>
   </country>
   <country>
      <ted>CI</ted>
      <eforms>CIV</eforms>
   </country>
   <country>
      <ted>CU</ted>
      <eforms>CUB</eforms>
   </country>
   <country>
      <ted>CD</ted>
      <eforms>COD</eforms>
   </country>
   <country>
      <ted>DJ</ted>
      <eforms>DJI</eforms>
   </country>
   <country>
      <ted>DM</ted>
      <eforms>DMA</eforms>
   </country>
   <country>
      <ted>DO</ted>
      <eforms>DOM</eforms>
   </country>
   <country>
      <ted>TL</ted>
      <eforms>TLS</eforms>
   </country>
   <country>
      <ted>EC</ted>
      <eforms>ECU</eforms>
   </country>
   <country>
      <ted>EG</ted>
      <eforms>EGY</eforms>
   </country>
   <country>
      <ted>SV</ted>
      <eforms>SLV</eforms>
   </country>
   <country>
      <ted>GQ</ted>
      <eforms>GNQ</eforms>
   </country>
   <country>
      <ted>ER</ted>
      <eforms>ERI</eforms>
   </country>
   <country>
      <ted>ET</ted>
      <eforms>ETH</eforms>
   </country>
   <country>
      <ted>FK</ted>
      <eforms>FLK</eforms>
   </country>
   <country>
      <ted>FJ</ted>
      <eforms>FJI</eforms>
   </country>
   <country>
      <ted>GF</ted>
      <eforms>GUF</eforms>
   </country>
   <country>
      <ted>PF</ted>
      <eforms>PYF</eforms>
   </country>
   <country>
      <ted>GA</ted>
      <eforms>GAB</eforms>
   </country>
   <country>
      <ted>GM</ted>
      <eforms>GMB</eforms>
   </country>
   <country>
      <ted>GE</ted>
      <eforms>GEO</eforms>
   </country>
   <country>
      <ted>GH</ted>
      <eforms>GHA</eforms>
   </country>
   <country>
      <ted>GD</ted>
      <eforms>GRD</eforms>
   </country>
   <country>
      <ted>GP</ted>
      <eforms>GLP</eforms>
   </country>
   <country>
      <ted>GU</ted>
      <eforms>GUM</eforms>
   </country>
   <country>
      <ted>GT</ted>
      <eforms>GTM</eforms>
   </country>
   <country>
      <ted>GN</ted>
      <eforms>GIN</eforms>
   </country>
   <country>
      <ted>GW</ted>
      <eforms>GNB</eforms>
   </country>
   <country>
      <ted>GY</ted>
      <eforms>GUY</eforms>
   </country>
   <country>
      <ted>HT</ted>
      <eforms>HTI</eforms>
   </country>
   <country>
      <ted>HM</ted>
      <eforms>HMD</eforms>
   </country>
   <country>
      <ted>HN</ted>
      <eforms>HND</eforms>
   </country>
   <country>
      <ted>HK</ted>
      <eforms>HKG</eforms>
   </country>
   <country>
      <ted>IN</ted>
      <eforms>IND</eforms>
   </country>
   <country>
      <ted>ID</ted>
      <eforms>IDN</eforms>
   </country>
   <country>
      <ted>IR</ted>
      <eforms>IRN</eforms>
   </country>
   <country>
      <ted>IQ</ted>
      <eforms>IRQ</eforms>
   </country>
   <country>
      <ted>IL</ted>
      <eforms>ISR</eforms>
   </country>
   <country>
      <ted>JM</ted>
      <eforms>JAM</eforms>
   </country>
   <country>
      <ted>JP</ted>
      <eforms>JPN</eforms>
   </country>
   <country>
      <ted>JO</ted>
      <eforms>JOR</eforms>
   </country>
   <country>
      <ted>KZ</ted>
      <eforms>KAZ</eforms>
   </country>
   <country>
      <ted>KE</ted>
      <eforms>KEN</eforms>
   </country>
   <country>
      <ted>KI</ted>
      <eforms>KIR</eforms>
   </country>
   <country>
      <ted>KW</ted>
      <eforms>KWT</eforms>
   </country>
   <country>
      <ted>KG</ted>
      <eforms>KGZ</eforms>
   </country>
   <country>
      <ted>LA</ted>
      <eforms>LAO</eforms>
   </country>
   <country>
      <ted>LB</ted>
      <eforms>LBN</eforms>
   </country>
   <country>
      <ted>LS</ted>
      <eforms>LSO</eforms>
   </country>
   <country>
      <ted>LR</ted>
      <eforms>LBR</eforms>
   </country>
   <country>
      <ted>MO</ted>
      <eforms>MAC</eforms>
   </country>
   <country>
      <ted>MG</ted>
      <eforms>MDG</eforms>
   </country>
   <country>
      <ted>MW</ted>
      <eforms>MWI</eforms>
   </country>
   <country>
      <ted>MY</ted>
      <eforms>MYS</eforms>
   </country>
   <country>
      <ted>MV</ted>
      <eforms>MDV</eforms>
   </country>
   <country>
      <ted>ML</ted>
      <eforms>MLI</eforms>
   </country>
   <country>
      <ted>MH</ted>
      <eforms>MHL</eforms>
   </country>
   <country>
      <ted>MQ</ted>
      <eforms>MTQ</eforms>
   </country>
   <country>
      <ted>MR</ted>
      <eforms>MRT</eforms>
   </country>
   <country>
      <ted>MU</ted>
      <eforms>MUS</eforms>
   </country>
   <country>
      <ted>MX</ted>
      <eforms>MEX</eforms>
   </country>
   <country>
      <ted>FM</ted>
      <eforms>FSM</eforms>
   </country>
   <country>
      <ted>MN</ted>
      <eforms>MNG</eforms>
   </country>
   <country>
      <ted>MS</ted>
      <eforms>MSR</eforms>
   </country>
   <country>
      <ted>MA</ted>
      <eforms>MAR</eforms>
   </country>
   <country>
      <ted>MZ</ted>
      <eforms>MOZ</eforms>
   </country>
   <country>
      <ted>NA</ted>
      <eforms>NAM</eforms>
   </country>
   <country>
      <ted>NR</ted>
      <eforms>NRU</eforms>
   </country>
   <country>
      <ted>NZ</ted>
      <eforms>NZL</eforms>
   </country>
   <country>
      <ted>NI</ted>
      <eforms>NIC</eforms>
   </country>
   <country>
      <ted>NE</ted>
      <eforms>NER</eforms>
   </country>
   <country>
      <ted>NG</ted>
      <eforms>NGA</eforms>
   </country>
   <country>
      <ted>NU</ted>
      <eforms>NIU</eforms>
   </country>
   <country>
      <ted>NF</ted>
      <eforms>NFK</eforms>
   </country>
   <country>
      <ted>KP</ted>
      <eforms>PRK</eforms>
   </country>
   <country>
      <ted>MP</ted>
      <eforms>MNP</eforms>
   </country>
   <country>
      <ted>OM</ted>
      <eforms>OMN</eforms>
   </country>
   <country>
      <ted>PK</ted>
      <eforms>PAK</eforms>
   </country>
   <country>
      <ted>PW</ted>
      <eforms>PLW</eforms>
   </country>
   <country>
      <ted>PS</ted>
      <eforms>PSE</eforms>
   </country>
   <country>
      <ted>PA</ted>
      <eforms>PAN</eforms>
   </country>
   <country>
      <ted>PG</ted>
      <eforms>PNG</eforms>
   </country>
   <country>
      <ted>PY</ted>
      <eforms>PRY</eforms>
   </country>
   <country>
      <ted>PE</ted>
      <eforms>PER</eforms>
   </country>
   <country>
      <ted>PH</ted>
      <eforms>PHL</eforms>
   </country>
   <country>
      <ted>PN</ted>
      <eforms>PCN</eforms>
   </country>
   <country>
      <ted>PR</ted>
      <eforms>PRI</eforms>
   </country>
   <country>
      <ted>QA</ted>
      <eforms>QAT</eforms>
   </country>
   <country>
      <ted>RE</ted>
      <eforms>REU</eforms>
   </country>
   <country>
      <ted>RW</ted>
      <eforms>RWA</eforms>
   </country>
   <country>
      <ted>BL</ted>
      <eforms>BLM</eforms>
   </country>
   <country>
      <ted>KN</ted>
      <eforms>KNA</eforms>
   </country>
   <country>
      <ted>LC</ted>
      <eforms>LCA</eforms>
   </country>
   <country>
      <ted>MF</ted>
      <eforms>MAF</eforms>
   </country>
   <country>
      <ted>PM</ted>
      <eforms>SPM</eforms>
   </country>
   <country>
      <ted>VC</ted>
      <eforms>VCT</eforms>
   </country>
   <country>
      <ted>WS</ted>
      <eforms>WSM</eforms>
   </country>
   <country>
      <ted>ST</ted>
      <eforms>STP</eforms>
   </country>
   <country>
      <ted>SA</ted>
      <eforms>SAU</eforms>
   </country>
   <country>
      <ted>SN</ted>
      <eforms>SEN</eforms>
   </country>
   <country>
      <ted>SC</ted>
      <eforms>SYC</eforms>
   </country>
   <country>
      <ted>SL</ted>
      <eforms>SLE</eforms>
   </country>
   <country>
      <ted>SG</ted>
      <eforms>SGP</eforms>
   </country>
   <country>
      <ted>SB</ted>
      <eforms>SLB</eforms>
   </country>
   <country>
      <ted>ZA</ted>
      <eforms>ZAF</eforms>
   </country>
   <country>
      <ted>GS</ted>
      <eforms>SGS</eforms>
   </country>
   <country>
      <ted>KR</ted>
      <eforms>KOR</eforms>
   </country>
   <country>
      <ted>LK</ted>
      <eforms>LKA</eforms>
   </country>
   <country>
      <ted>SD</ted>
      <eforms>SDN</eforms>
   </country>
   <country>
      <ted>SR</ted>
      <eforms>SUR</eforms>
   </country>
   <country>
      <ted>SJ</ted>
      <eforms>SJM</eforms>
   </country>
   <country>
      <ted>SY</ted>
      <eforms>SYR</eforms>
   </country>
   <country>
      <ted>TW</ted>
      <eforms>TWN</eforms>
   </country>
   <country>
      <ted>TJ</ted>
      <eforms>TJK</eforms>
   </country>
   <country>
      <ted>TZ</ted>
      <eforms>TZA</eforms>
   </country>
   <country>
      <ted>TH</ted>
      <eforms>THA</eforms>
   </country>
   <country>
      <ted>TG</ted>
      <eforms>TGO</eforms>
   </country>
   <country>
      <ted>TK</ted>
      <eforms>TKL</eforms>
   </country>
   <country>
      <ted>TO</ted>
      <eforms>TON</eforms>
   </country>
   <country>
      <ted>TT</ted>
      <eforms>TTO</eforms>
   </country>
   <country>
      <ted>TN</ted>
      <eforms>TUN</eforms>
   </country>
   <country>
      <ted>TM</ted>
      <eforms>TKM</eforms>
   </country>
   <country>
      <ted>TC</ted>
      <eforms>TCA</eforms>
   </country>
   <country>
      <ted>TV</ted>
      <eforms>TUV</eforms>
   </country>
   <country>
      <ted>UG</ted>
      <eforms>UGA</eforms>
   </country>
   <country>
      <ted>AE</ted>
      <eforms>ARE</eforms>
   </country>
   <country>
      <ted>US</ted>
      <eforms>USA</eforms>
   </country>
   <country>
      <ted>UY</ted>
      <eforms>URY</eforms>
   </country>
   <country>
      <ted>VI</ted>
      <eforms>VIR</eforms>
   </country>
   <country>
      <ted>UZ</ted>
      <eforms>UZB</eforms>
   </country>
   <country>
      <ted>VU</ted>
      <eforms>VUT</eforms>
   </country>
   <country>
      <ted>VE</ted>
      <eforms>VEN</eforms>
   </country>
   <country>
      <ted>VN</ted>
      <eforms>VNM</eforms>
   </country>
   <country>
      <ted>EH</ted>
      <eforms>ESH</eforms>
   </country>
   <country>
      <ted>YE</ted>
      <eforms>YEM</eforms>
   </country>
   <country>
      <ted>ZM</ted>
      <eforms>ZMB</eforms>
   </country>
   <country>
      <ted>ZW</ted>
      <eforms>ZWE</eforms>
   </country>
   <country>
      <ted>AF</ted>
      <eforms>AFG</eforms>
   </country>
   <country>
      <ted>1A</ted>
      <eforms>1A0</eforms>
   </country>
   <country>
      <ted>TF</ted>
      <eforms>FQ0</eforms>
   </country>
   <country>
      <ted>NP</ted>
      <eforms>NPL</eforms>
   </country>
   <country>
      <ted>SH</ted>
      <eforms>SHN</eforms>
   </country>
   <country>
      <ted>BQ</ted>
      <eforms>BES</eforms>
   </country>
   <country>
      <ted>CW</ted>
      <eforms>CUW</eforms>
   </country>
   <country>
      <ted>SX</ted>
      <eforms>SXM</eforms>
   </country>
   <country>
      <ted>HU</ted>
      <eforms>HUN</eforms>
   </country>
   <country>
      <ted>SS</ted>
      <eforms>SSD</eforms>
   </country>
   <country>
      <ted>NC</ted>
      <eforms>NCL</eforms>
   </country>
   <country>
      <ted>YT</ted>
      <eforms>MYT</eforms>
   </country>
   <country>
      <ted>MM</ted>
      <eforms>MMR</eforms>
   </country>
   <country>
      <ted>SO</ted>
      <eforms>SOM</eforms>
   </country>
   <country>
      <ted>LY</ted>
      <eforms>LBY</eforms>
   </country>
   <country>
      <ted>WF</ted>
      <eforms>WLF</eforms>
   </country>
   <country>
      <ted>CZ</ted>
      <eforms>CZE</eforms>
   </country>
   <country>
      <ted>SZ</ted>
      <eforms>SWZ</eforms>
   </country>
   <country>
      <ted>MK</ted>
      <eforms>MKD</eforms>
   </country>
</countries>
