<?xml version="1.0" encoding="UTF-8"?>
<languages>
   <language>
      <ted>EN</ted>
      <eforms>ENG</eforms>
   </language>
   <language>
      <ted>AR</ted>
      <eforms>ARA</eforms>
   </language>
   <language>
      <ted>BR</ted>
      <eforms>BRE</eforms>
   </language>
   <language>
      <ted>BG</ted>
      <eforms>BUL</eforms>
   </language>
   <language>
      <ted>CA</ted>
      <eforms>CAT</eforms>
   </language>
   <language>
      <ted>CS</ted>
      <eforms>CES</eforms>
   </language>
   <language>
      <ted>CO</ted>
      <eforms>COS</eforms>
   </language>
   <language>
      <ted>CY</ted>
      <eforms>CYM</eforms>
   </language>
   <language>
      <ted>DA</ted>
      <eforms>DAN</eforms>
   </language>
   <language>
      <ted>DE</ted>
      <eforms>DEU</eforms>
   </language>
   <language>
      <ted>EL</ted>
      <eforms>ELL</eforms>
   </language>
   <language>
      <ted>ET</ted>
      <eforms>EST</eforms>
   </language>
   <language>
      <ted>EU</ted>
      <eforms>EUS</eforms>
   </language>
   <language>
      <ted>FO</ted>
      <eforms>FAO</eforms>
   </language>
   <language>
      <ted>FI</ted>
      <eforms>FIN</eforms>
   </language>
   <language>
      <ted>FR</ted>
      <eforms>FRA</eforms>
   </language>
   <language>
      <ted>FY</ted>
      <eforms>FRY</eforms>
   </language>
   <language>
      <ted>GD</ted>
      <eforms>GLA</eforms>
   </language>
   <language>
      <ted>GA</ted>
      <eforms>GLE</eforms>
   </language>
   <language>
      <ted>GL</ted>
      <eforms>GLG</eforms>
   </language>
   <language>
      <ted>HE</ted>
      <eforms>HEB</eforms>
   </language>
   <language>
      <ted>HR</ted>
      <eforms>HRV</eforms>
   </language>
   <language>
      <ted>HU</ted>
      <eforms>HUN</eforms>
   </language>
   <language>
      <ted>HY</ted>
      <eforms>HYE</eforms>
   </language>
   <language>
      <ted>IS</ted>
      <eforms>ISL</eforms>
   </language>
   <language>
      <ted>IT</ted>
      <eforms>ITA</eforms>
   </language>
   <language>
      <ted>JA</ted>
      <eforms>JPN</eforms>
   </language>
   <language>
      <ted>KL</ted>
      <eforms>KAL</eforms>
   </language>
   <language>
      <ted>KO</ted>
      <eforms>KOR</eforms>
   </language>
   <language>
      <ted>KU</ted>
      <eforms>KUR</eforms>
   </language>
   <language>
      <ted>LV</ted>
      <eforms>LAV</eforms>
   </language>
   <language>
      <ted>LT</ted>
      <eforms>LIT</eforms>
   </language>
   <language>
      <ted>LB</ted>
      <eforms>LTZ</eforms>
   </language>
   <language>
      <ted>MK</ted>
      <eforms>MKD</eforms>
   </language>
   <language>
      <ted>MT</ted>
      <eforms>MLT</eforms>
   </language>
   <language>
      <ted>NL</ted>
      <eforms>NLD</eforms>
   </language>
   <language>
      <ted>NO</ted>
      <eforms>NOR</eforms>
   </language>
   <language>
      <ted>OC</ted>
      <eforms>OCI</eforms>
   </language>
   <language>
      <ted>PL</ted>
      <eforms>POL</eforms>
   </language>
   <language>
      <ted>PT</ted>
      <eforms>POR</eforms>
   </language>
   <language>
      <ted>RM</ted>
      <eforms>ROH</eforms>
   </language>
   <language>
      <ted>RO</ted>
      <eforms>RON</eforms>
   </language>
   <language>
      <ted>SK</ted>
      <eforms>SLK</eforms>
   </language>
   <language>
      <ted>SL</ted>
      <eforms>SLV</eforms>
   </language>
   <language>
      <ted>SE</ted>
      <eforms>SME</eforms>
   </language>
   <language>
      <ted>ES</ted>
      <eforms>SPA</eforms>
   </language>
   <language>
      <ted>SQ</ted>
      <eforms>SQI</eforms>
   </language>
   <language>
      <ted>SR</ted>
      <eforms>SRP</eforms>
   </language>
   <language>
      <ted>SV</ted>
      <eforms>SWE</eforms>
   </language>
   <language>
      <ted>TA</ted>
      <eforms>TAM</eforms>
   </language>
   <language>
      <ted>TR</ted>
      <eforms>TUR</eforms>
   </language>
   <language>
      <ted>WA</ted>
      <eforms>WLN</eforms>
   </language>
   <language>
      <ted>ZH</ted>
      <eforms>ZHO</eforms>
   </language>
   <language>
      <ted>MS</ted>
      <eforms>MSA</eforms>
   </language>
   <language>
      <ted>ME</ted>
      <eforms>CNR</eforms>
   </language>
   <!-- added dfo -->
   <language>
      <ted>NB</ted>
      <eforms>NOB</eforms>
   </language>
   <language>
      <ted>NY</ted>
      <eforms>NYN</eforms>
   </language>
</languages>
