<?xml version="1.0" encoding="UTF-8" ?>
<root>
    <row><location>000000</location><nuts>NO0</nuts></row>
    <row><location>020000</location><nuts>NO02</nuts></row>
    <row><location>022300</location><nuts>NO020</nuts></row>
    <row><location>020402</location><nuts>NO020</nuts></row>
    <row><location>020403</location><nuts>NO020</nuts></row>
    <row><location>020412</location><nuts>NO020</nuts></row>
    <row><location>020415</location><nuts>NO020</nuts></row>
    <row><location>020417</location><nuts>NO020</nuts></row>
    <row><location>020418</location><nuts>NO020</nuts></row>
    <row><location>020419</location><nuts>NO020</nuts></row>
    <row><location>020420</location><nuts>NO020</nuts></row>
    <row><location>020423</location><nuts>NO020</nuts></row>
    <row><location>020425</location><nuts>NO020</nuts></row>
    <row><location>020426</location><nuts>NO020</nuts></row>
    <row><location>020427</location><nuts>NO020</nuts></row>
    <row><location>020428</location><nuts>NO020</nuts></row>
    <row><location>020429</location><nuts>NO020</nuts></row>
    <row><location>020430</location><nuts>NO020</nuts></row>
    <row><location>020432</location><nuts>NO020</nuts></row>
    <row><location>020434</location><nuts>NO020</nuts></row>
    <row><location>020436</location><nuts>NO020</nuts></row>
    <row><location>020437</location><nuts>NO020</nuts></row>
    <row><location>020438</location><nuts>NO020</nuts></row>
    <row><location>020439</location><nuts>NO020</nuts></row>
    <row><location>020441</location><nuts>NO020</nuts></row>
    <row><location>020501</location><nuts>NO020</nuts></row>
    <row><location>020502</location><nuts>NO020</nuts></row>
    <row><location>020511</location><nuts>NO020</nuts></row>
    <row><location>020512</location><nuts>NO020</nuts></row>
    <row><location>020513</location><nuts>NO020</nuts></row>
    <row><location>020514</location><nuts>NO020</nuts></row>
    <row><location>020515</location><nuts>NO020</nuts></row>
    <row><location>020516</location><nuts>NO020</nuts></row>
    <row><location>020517</location><nuts>NO020</nuts></row>
    <row><location>020519</location><nuts>NO020</nuts></row>
    <row><location>020520</location><nuts>NO020</nuts></row>
    <row><location>020521</location><nuts>NO020</nuts></row>
    <row><location>020522</location><nuts>NO020</nuts></row>
    <row><location>020528</location><nuts>NO020</nuts></row>
    <row><location>020529</location><nuts>NO020</nuts></row>
    <row><location>020532</location><nuts>NO020</nuts></row>
    <row><location>020533</location><nuts>NO020</nuts></row>
    <row><location>020534</location><nuts>NO020</nuts></row>
    <row><location>020536</location><nuts>NO020</nuts></row>
    <row><location>020538</location><nuts>NO020</nuts></row>
    <row><location>020540</location><nuts>NO020</nuts></row>
    <row><location>020541</location><nuts>NO020</nuts></row>
    <row><location>020542</location><nuts>NO020</nuts></row>
    <row><location>020543</location><nuts>NO020</nuts></row>
    <row><location>020544</location><nuts>NO020</nuts></row>
    <row><location>020545</location><nuts>NO020</nuts></row>
    <row><location>050000</location><nuts>NO0A</nuts></row>
    <row><location>052400</location><nuts>NO0A2</nuts></row>
    <row><location>051201</location><nuts>NO0A2</nuts></row>
    <row><location>051211</location><nuts>NO0A2</nuts></row>
    <row><location>051216</location><nuts>NO0A2</nuts></row>
    <row><location>051219</location><nuts>NO0A2</nuts></row>
    <row><location>051221</location><nuts>NO0A2</nuts></row>
    <row><location>051222</location><nuts>NO0A2</nuts></row>
    <row><location>051223</location><nuts>NO0A2</nuts></row>
    <row><location>051224</location><nuts>NO0A2</nuts></row>
    <row><location>051231</location><nuts>NO0A2</nuts></row>
    <row><location>051232</location><nuts>NO0A2</nuts></row>
    <row><location>051233</location><nuts>NO0A2</nuts></row>
    <row><location>051235</location><nuts>NO0A2</nuts></row>
    <row><location>051238</location><nuts>NO0A2</nuts></row>
    <row><location>051242</location><nuts>NO0A2</nuts></row>
    <row><location>051244</location><nuts>NO0A2</nuts></row>
    <row><location>051247</location><nuts>NO0A2</nuts></row>
    <row><location>051251</location><nuts>NO0A2</nuts></row>
    <row><location>051252</location><nuts>NO0A2</nuts></row>
    <row><location>051253</location><nuts>NO0A2</nuts></row>
    <row><location>051259</location><nuts>NO0A2</nuts></row>
    <row><location>051264</location><nuts>NO0A2</nuts></row>
    <row><location>051265</location><nuts>NO0A2</nuts></row>
    <row><location>051266</location><nuts>NO0A2</nuts></row>
    <row><location>051411</location><nuts>NO0A2</nuts></row>
    <row><location>051412</location><nuts>NO0A2</nuts></row>
    <row><location>051413</location><nuts>NO0A2</nuts></row>
    <row><location>051416</location><nuts>NO0A2</nuts></row>
    <row><location>051417</location><nuts>NO0A2</nuts></row>
    <row><location>051420</location><nuts>NO0A2</nuts></row>
    <row><location>051421</location><nuts>NO0A2</nuts></row>
    <row><location>051422</location><nuts>NO0A2</nuts></row>
    <row><location>051424</location><nuts>NO0A2</nuts></row>
    <row><location>051426</location><nuts>NO0A2</nuts></row>
    <row><location>051428</location><nuts>NO0A2</nuts></row>
    <row><location>051429</location><nuts>NO0A2</nuts></row>
    <row><location>051438</location><nuts>NO0A2</nuts></row>
    <row><location>051445</location><nuts>NO0A2</nuts></row>
    <row><location>051449</location><nuts>NO0A2</nuts></row>
    <row><location>051579</location><nuts>NO0A2</nuts></row>
    <row><location>051580</location><nuts>NO0A2</nuts></row>
    <row><location>051577</location><nuts>NO0A2</nuts></row>
    <row><location>051578</location><nuts>NO0A2</nuts></row>
    <row><location>051581</location><nuts>NO0A2</nuts></row>
    <row><location>051500</location><nuts>NO0A3</nuts></row>
    <row><location>051502</location><nuts>NO0A3</nuts></row>
    <row><location>051504</location><nuts>NO0A3</nuts></row>
    <row><location>051505</location><nuts>NO0A3</nuts></row>
    <row><location>051511</location><nuts>NO0A3</nuts></row>
    <row><location>051514</location><nuts>NO0A3</nuts></row>
    <row><location>051515</location><nuts>NO0A3</nuts></row>
    <row><location>051516</location><nuts>NO0A3</nuts></row>
    <row><location>051517</location><nuts>NO0A3</nuts></row>
    <row><location>051519</location><nuts>NO0A3</nuts></row>
    <row><location>051520</location><nuts>NO0A3</nuts></row>
    <row><location>051525</location><nuts>NO0A3</nuts></row>
    <row><location>051528</location><nuts>NO0A3</nuts></row>
    <row><location>051531</location><nuts>NO0A3</nuts></row>
    <row><location>051532</location><nuts>NO0A3</nuts></row>
    <row><location>051535</location><nuts>NO0A3</nuts></row>
    <row><location>051539</location><nuts>NO0A3</nuts></row>
    <row><location>051547</location><nuts>NO0A3</nuts></row>
    <row><location>051554</location><nuts>NO0A3</nuts></row>
    <row><location>051557</location><nuts>NO0A3</nuts></row>
    <row><location>051560</location><nuts>NO0A3</nuts></row>
    <row><location>051563</location><nuts>NO0A3</nuts></row>
    <row><location>051566</location><nuts>NO0A3</nuts></row>
    <row><location>051567</location><nuts>NO0A3</nuts></row>
    <row><location>051573</location><nuts>NO0A3</nuts></row>
    <row><location>051576</location><nuts>NO0A3</nuts></row>
    <row><location>051583</location><nuts>NO0A3</nuts></row>
    <row><location>051582</location><nuts>NO0A3</nuts></row>
    <row><location>060000</location><nuts>NO06</nuts></row>
    <row><location>062500</location><nuts>NO060</nuts></row>
    <row><location>061758</location><nuts>NO060</nuts></row>
    <row><location>061757</location><nuts>NO060</nuts></row>
    <row><location>061759</location><nuts>NO060</nuts></row>
    <row><location>061344</location><nuts>NO060</nuts></row>
    <row><location>061601</location><nuts>NO060</nuts></row>
    <row><location>061617</location><nuts>NO060</nuts></row>
    <row><location>061620</location><nuts>NO060</nuts></row>
    <row><location>061621</location><nuts>NO060</nuts></row>
    <row><location>061630</location><nuts>NO060</nuts></row>
    <row><location>061633</location><nuts>NO060</nuts></row>
    <row><location>061634</location><nuts>NO060</nuts></row>
    <row><location>061635</location><nuts>NO060</nuts></row>
    <row><location>061640</location><nuts>NO060</nuts></row>
    <row><location>061644</location><nuts>NO060</nuts></row>
    <row><location>061648</location><nuts>NO060</nuts></row>
    <row><location>061653</location><nuts>NO060</nuts></row>
    <row><location>061657</location><nuts>NO060</nuts></row>
    <row><location>061663</location><nuts>NO060</nuts></row>
    <row><location>061664</location><nuts>NO060</nuts></row>
    <row><location>061665</location><nuts>NO060</nuts></row>
    <row><location>061702</location><nuts>NO060</nuts></row>
    <row><location>061703</location><nuts>NO060</nuts></row>
    <row><location>061711</location><nuts>NO060</nuts></row>
    <row><location>061714</location><nuts>NO060</nuts></row>
    <row><location>061717</location><nuts>NO060</nuts></row>
    <row><location>061719</location><nuts>NO060</nuts></row>
    <row><location>061721</location><nuts>NO060</nuts></row>
    <row><location>061756</location><nuts>NO060</nuts></row>
    <row><location>061736</location><nuts>NO060</nuts></row>
    <row><location>061738</location><nuts>NO060</nuts></row>
    <row><location>061739</location><nuts>NO060</nuts></row>
    <row><location>061740</location><nuts>NO060</nuts></row>
    <row><location>061742</location><nuts>NO060</nuts></row>
    <row><location>061743</location><nuts>NO060</nuts></row>
    <row><location>061744</location><nuts>NO060</nuts></row>
    <row><location>061749</location><nuts>NO060</nuts></row>
    <row><location>061755</location><nuts>NO060</nuts></row>
    <row><location>070000</location><nuts>NO07</nuts></row>
    <row><location>071800</location><nuts>NO071</nuts></row>
    <row><location>071804</location><nuts>NO071</nuts></row>
    <row><location>071805</location><nuts>NO071</nuts></row>
    <row><location>071811</location><nuts>NO071</nuts></row>
    <row><location>071812</location><nuts>NO071</nuts></row>
    <row><location>071813</location><nuts>NO071</nuts></row>
    <row><location>071815</location><nuts>NO071</nuts></row>
    <row><location>071816</location><nuts>NO071</nuts></row>
    <row><location>071818</location><nuts>NO071</nuts></row>
    <row><location>071820</location><nuts>NO071</nuts></row>
    <row><location>071822</location><nuts>NO071</nuts></row>
    <row><location>071824</location><nuts>NO071</nuts></row>
    <row><location>071825</location><nuts>NO071</nuts></row>
    <row><location>071826</location><nuts>NO071</nuts></row>
    <row><location>071827</location><nuts>NO071</nuts></row>
    <row><location>071828</location><nuts>NO071</nuts></row>
    <row><location>071832</location><nuts>NO071</nuts></row>
    <row><location>071833</location><nuts>NO071</nuts></row>
    <row><location>071834</location><nuts>NO071</nuts></row>
    <row><location>071835</location><nuts>NO071</nuts></row>
    <row><location>071836</location><nuts>NO071</nuts></row>
    <row><location>071837</location><nuts>NO071</nuts></row>
    <row><location>071838</location><nuts>NO071</nuts></row>
    <row><location>071839</location><nuts>NO071</nuts></row>
    <row><location>071840</location><nuts>NO071</nuts></row>
    <row><location>071841</location><nuts>NO071</nuts></row>
    <row><location>071845</location><nuts>NO071</nuts></row>
    <row><location>071848</location><nuts>NO071</nuts></row>
    <row><location>071851</location><nuts>NO071</nuts></row>
    <row><location>072031</location><nuts>NO071</nuts></row>
    <row><location>071853</location><nuts>NO071</nuts></row>
    <row><location>071856</location><nuts>NO071</nuts></row>
    <row><location>071857</location><nuts>NO071</nuts></row>
    <row><location>071859</location><nuts>NO071</nuts></row>
    <row><location>071860</location><nuts>NO071</nuts></row>
    <row><location>071865</location><nuts>NO071</nuts></row>
    <row><location>071866</location><nuts>NO071</nuts></row>
    <row><location>071867</location><nuts>NO071</nuts></row>
    <row><location>071868</location><nuts>NO071</nuts></row>
    <row><location>071870</location><nuts>NO071</nuts></row>
    <row><location>071871</location><nuts>NO071</nuts></row>
    <row><location>071874</location><nuts>NO071</nuts></row>
    <row><location>072600</location><nuts>NO074</nuts></row>
    <row><location>071903</location><nuts>NO074</nuts></row>
    <row><location>071902</location><nuts>NO074</nuts></row>
    <row><location>071911</location><nuts>NO074</nuts></row>
    <row><location>071913</location><nuts>NO074</nuts></row>
    <row><location>071917</location><nuts>NO074</nuts></row>
    <row><location>071919</location><nuts>NO074</nuts></row>
    <row><location>071920</location><nuts>NO074</nuts></row>
    <row><location>071922</location><nuts>NO074</nuts></row>
    <row><location>071923</location><nuts>NO074</nuts></row>
    <row><location>071924</location><nuts>NO074</nuts></row>
    <row><location>071925</location><nuts>NO074</nuts></row>
    <row><location>071926</location><nuts>NO074</nuts></row>
    <row><location>071933</location><nuts>NO074</nuts></row>
    <row><location>071936</location><nuts>NO074</nuts></row>
    <row><location>071938</location><nuts>NO074</nuts></row>
    <row><location>071939</location><nuts>NO074</nuts></row>
    <row><location>071940</location><nuts>NO074</nuts></row>
    <row><location>071941</location><nuts>NO074</nuts></row>
    <row><location>071942</location><nuts>NO074</nuts></row>
    <row><location>071943</location><nuts>NO074</nuts></row>
    <row><location>072002</location><nuts>NO074</nuts></row>
    <row><location>072003</location><nuts>NO074</nuts></row>
    <row><location>072004</location><nuts>NO074</nuts></row>
    <row><location>072011</location><nuts>NO074</nuts></row>
    <row><location>072012</location><nuts>NO074</nuts></row>
    <row><location>072014</location><nuts>NO074</nuts></row>
    <row><location>072015</location><nuts>NO074</nuts></row>
    <row><location>072018</location><nuts>NO074</nuts></row>
    <row><location>072019</location><nuts>NO074</nuts></row>
    <row><location>072020</location><nuts>NO074</nuts></row>
    <row><location>072021</location><nuts>NO074</nuts></row>
    <row><location>072022</location><nuts>NO074</nuts></row>
    <row><location>072023</location><nuts>NO074</nuts></row>
    <row><location>072024</location><nuts>NO074</nuts></row>
    <row><location>072025</location><nuts>NO074</nuts></row>
    <row><location>072027</location><nuts>NO074</nuts></row>
    <row><location>072028</location><nuts>NO074</nuts></row>
    <row><location>072030</location><nuts>NO074</nuts></row>
    <row><location>072032</location><nuts>NO074</nuts></row>
    <row><location>071852</location><nuts>NO074</nuts></row>
    <row><location>080000</location><nuts>NO0B</nuts></row>
    <row><location>082100</location><nuts>NO0B2</nuts></row>
    <row><location>090000</location><nuts>NO0B</nuts></row>
    <row><location>092200</location><nuts>NO0B1</nuts></row>
    <row><location>100000</location><nuts>NO08</nuts></row>
    <row><location>103000</location><nuts>NO081</nuts></row>
    <row><location>100338</location><nuts>NO081</nuts></row>
    <row><location>102700</location><nuts>NO082</nuts></row>
    <row><location>100305</location><nuts>NO082</nuts></row>
    <row><location>100306</location><nuts>NO082</nuts></row>
    <row><location>100307</location><nuts>NO082</nuts></row>
    <row><location>100308</location><nuts>NO082</nuts></row>
    <row><location>100309</location><nuts>NO082</nuts></row>
    <row><location>100310</location><nuts>NO082</nuts></row>
    <row><location>100311</location><nuts>NO082</nuts></row>
    <row><location>100316</location><nuts>NO082</nuts></row>
    <row><location>100317</location><nuts>NO082</nuts></row>
    <row><location>100318</location><nuts>NO082</nuts></row>
    <row><location>100319</location><nuts>NO082</nuts></row>
    <row><location>100321</location><nuts>NO082</nuts></row>
    <row><location>100322</location><nuts>NO082</nuts></row>
    <row><location>100323</location><nuts>NO082</nuts></row>
    <row><location>100324</location><nuts>NO082</nuts></row>
    <row><location>100325</location><nuts>NO082</nuts></row>
    <row><location>100326</location><nuts>NO082</nuts></row>
    <row><location>100327</location><nuts>NO082</nuts></row>
    <row><location>100328</location><nuts>NO082</nuts></row>
    <row><location>100329</location><nuts>NO082</nuts></row>
    <row><location>100330</location><nuts>NO082</nuts></row>
    <row><location>100331</location><nuts>NO082</nuts></row>
    <row><location>100332</location><nuts>NO082</nuts></row>
    <row><location>100333</location><nuts>NO082</nuts></row>
    <row><location>100334</location><nuts>NO082</nuts></row>
    <row><location>100335</location><nuts>NO082</nuts></row>
    <row><location>100336</location><nuts>NO082</nuts></row>
    <row><location>100337</location><nuts>NO082</nuts></row>
    <row><location>100303</location><nuts>NO082</nuts></row>
    <row><location>100304</location><nuts>NO082</nuts></row>
    <row><location>100302</location><nuts>NO082</nuts></row>
    <row><location>100339</location><nuts>NO082</nuts></row>
    <row><location>100340</location><nuts>NO082</nuts></row>
    <row><location>100341</location><nuts>NO082</nuts></row>
    <row><location>100342</location><nuts>NO082</nuts></row>
    <row><location>100343</location><nuts>NO082</nuts></row>
    <row><location>100344</location><nuts>NO082</nuts></row>
    <row><location>100345</location><nuts>NO082</nuts></row>
    <row><location>100346</location><nuts>NO082</nuts></row>
    <row><location>100347</location><nuts>NO082</nuts></row>
    <row><location>100348</location><nuts>NO082</nuts></row>
    <row><location>100349</location><nuts>NO082</nuts></row>
    <row><location>100350</location><nuts>NO082</nuts></row>
    <row><location>100351</location><nuts>NO082</nuts></row>
    <row><location>100352</location><nuts>NO082</nuts></row>
    <row><location>100353</location><nuts>NO082</nuts></row>
    <row><location>100354</location><nuts>NO082</nuts></row>
    <row><location>100355</location><nuts>NO082</nuts></row>
    <row><location>100356</location><nuts>NO082</nuts></row>
    <row><location>110000</location><nuts>NO09</nuts></row>
    <row><location>113100</location><nuts>NO0A1</nuts></row>
    <row><location>111315</location><nuts>NO0A1</nuts></row>
    <row><location>111316</location><nuts>NO0A1</nuts></row>
    <row><location>111317</location><nuts>NO0A1</nuts></row>
    <row><location>111318</location><nuts>NO0A1</nuts></row>
    <row><location>111319</location><nuts>NO0A1</nuts></row>
    <row><location>111320</location><nuts>NO0A1</nuts></row>
    <row><location>111321</location><nuts>NO0A1</nuts></row>
    <row><location>111322</location><nuts>NO0A1</nuts></row>
    <row><location>111323</location><nuts>NO0A1</nuts></row>
    <row><location>111324</location><nuts>NO0A1</nuts></row>
    <row><location>111325</location><nuts>NO0A1</nuts></row>
    <row><location>111326</location><nuts>NO0A1</nuts></row>
    <row><location>111327</location><nuts>NO0A1</nuts></row>
    <row><location>111328</location><nuts>NO0A1</nuts></row>
    <row><location>111329</location><nuts>NO0A1</nuts></row>
    <row><location>111330</location><nuts>NO0A1</nuts></row>
    <row><location>111331</location><nuts>NO0A1</nuts></row>
    <row><location>111332</location><nuts>NO0A1</nuts></row>
    <row><location>111333</location><nuts>NO0A1</nuts></row>
    <row><location>111334</location><nuts>NO0A1</nuts></row>
    <row><location>111335</location><nuts>NO0A1</nuts></row>
    <row><location>111336</location><nuts>NO0A1</nuts></row>
    <row><location>111337</location><nuts>NO0A1</nuts></row>
    <row><location>112800</location><nuts>NO091</nuts></row>
    <row><location>111162</location><nuts>NO0A1</nuts></row>
    <row><location>111163</location><nuts>NO091</nuts></row>
    <row><location>111164</location><nuts>NO091</nuts></row>
    <row><location>111165</location><nuts>NO091</nuts></row>
    <row><location>111166</location><nuts>NO091</nuts></row>
    <row><location>111173</location><nuts>NO091</nuts></row>
    <row><location>111174</location><nuts>NO091</nuts></row>
    <row><location>111175</location><nuts>NO091</nuts></row>
    <row><location>111176</location><nuts>NO091</nuts></row>
    <row><location>111177</location><nuts>NO091</nuts></row>
    <row><location>111178</location><nuts>NO091</nuts></row>
    <row><location>111179</location><nuts>NO091</nuts></row>
    <row><location>111180</location><nuts>NO091</nuts></row>
    <row><location>111181</location><nuts>NO091</nuts></row>
    <row><location>111182</location><nuts>NO091</nuts></row>
    <row><location>111183</location><nuts>NO091</nuts></row>
    <row><location>111184</location><nuts>NO091</nuts></row>
    <row><location>111185</location><nuts>NO091</nuts></row>
    <row><location>111186</location><nuts>NO091</nuts></row>
    <row><location>111187</location><nuts>NO091</nuts></row>
    <row><location>111188</location><nuts>NO091</nuts></row>
    <row><location>111343</location><nuts>NO091</nuts></row>
    <row><location>111161</location><nuts>NO091</nuts></row>
    <row><location>112900</location><nuts>NO092</nuts></row>
    <row><location>111189</location><nuts>NO092</nuts></row>
    <row><location>111190</location><nuts>NO092</nuts></row>
    <row><location>111191</location><nuts>NO092</nuts></row>
    <row><location>111192</location><nuts>NO092</nuts></row>
    <row><location>111193</location><nuts>NO092</nuts></row>
    <row><location>111194</location><nuts>NO092</nuts></row>
    <row><location>111195</location><nuts>NO092</nuts></row>
    <row><location>111196</location><nuts>NO092</nuts></row>
    <row><location>111197</location><nuts>NO092</nuts></row>
    <row><location>111198</location><nuts>NO092</nuts></row>
    <row><location>111199</location><nuts>NO092</nuts></row>
    <row><location>111301</location><nuts>NO092</nuts></row>
    <row><location>111302</location><nuts>NO092</nuts></row>
    <row><location>111303</location><nuts>NO092</nuts></row>
    <row><location>111304</location><nuts>NO092</nuts></row>
    <row><location>111305</location><nuts>NO092</nuts></row>
    <row><location>111306</location><nuts>NO092</nuts></row>
    <row><location>111307</location><nuts>NO092</nuts></row>
    <row><location>111308</location><nuts>NO092</nuts></row>
    <row><location>111309</location><nuts>NO092</nuts></row>
    <row><location>111310</location><nuts>NO092</nuts></row>
    <row><location>111311</location><nuts>NO092</nuts></row>
    <row><location>111312</location><nuts>NO092</nuts></row>
    <row><location>111313</location><nuts>NO092</nuts></row>
    <row><location>111314</location><nuts>NO092</nuts></row>
</root>
