<translations>
	<translation key="procedure-note">
		<text lang="BG">Информация относно национални процедури, налични на: </text>
		<text lang="CS">Informace o národních řízeních jsou k dispozici na: </text>
		<text lang="DA">Oplysninger om nationale udbud er tilgængelig på: </text>
		<text lang="DE">Angaben zu nationalen Verfahren sind erhältlich unter: </text>
		<text lang="EL">Πληροφορίες για τις εθνικές διαδικασίες διατίθενται από: </text>
		<text lang="EN">Information about national procedures is available at: </text>
		<text lang="ES">La información sobre los procedimientos a nivel nacional se encuentra disponible en: </text>
		<text lang="ET">Teave riiklike menetluste kohta on avaldatud aadressil: </text>
		<text lang="FI">Tietoa kansallisista menettelyistä on saatavilla: </text>
		<text lang="FR">Des informations sur les procédures nationales sont disponibles sur: </text>
		<text lang="GA">Tá faisnéis maidir le nósanna imeachta náisiúnta ar fáil ag: </text>
		<text lang="HR">Podaci o nacionalnim postupcima dostupni su na: </text>
		<text lang="HU">A nemzeti eljárásokról a következő helyen található információ: </text>
		<text lang="IT">Le informazioni relative alle procedure nazionali sono disponibili all'indirizzo: </text>
		<text lang="LT">Informacija apie nacionalines procedūras pateikiama: </text>
		<text lang="LV">Informācija par valsts procedūrām ir pieejama šeit: </text>
		<text lang="MT">Informazzjoni dwar proċeduri nazzjonali hija disponibbli fuq: </text>
		<text lang="NL">Inlichtingen over nationale procedures zijn beschikbaar op: </text>
		<text lang="PL">Informacje o krajowych procedurach można znaleźć pod adresem: </text>
		<text lang="PT">A informação relativa aos concursos nacionais está disponível em: </text>
		<text lang="RO">Informaţii privind procedurile naţionale sunt disponibile la: </text>
		<text lang="SK">Informácie o vnútroštátnych postupoch sú k dispozícii na: </text>
		<text lang="SL">Informacije o nacionalnih postopkih so na voljo na: </text>
		<text lang="SV">Information om nationella förfaranden finns på: </text>
	</translation>
</translations>
